Utterance_ID,Num_Phones,EER(%),EER_Threshold_GOP
000030012,21,42.11,-0.854
000030024,11,50.0,-0.988
000030040,11,30.0,-1.157
000030047,12,10.0,-1.654
000030049,10,NA,NA
000030051,14,10.0,-1.037
000030054,11,70.0,-0.85
000030059,15,50.0,-0.765
000030067,17,46.67,-1.747
000030069,15,7.14,-1.315
000030079,19,5.56,-3.891
000030080,15,7.14,-1.729
000030097,13,57.14,-0.68
000030101,14,7.69,-1.805
000030116,22,80.0,-0.751
000030119,22,45.0,-1.099
000030145,15,NA,NA
000030153,9,57.14,-1.117
000030154,12,100.0,-0.572
000030175,4,0.0,-1.476
000240010,13,83.33,-0.622
000240031,25,NA,NA
000240060,24,80.95,-0.345
000240071,32,46.67,-1.31
000240073,42,56.41,-1.255
000240099,33,26.67,-1.562
000240115,14,53.85,-1.304
000240116,24,NA,NA
000240151,22,23.81,-1.433
000240152,25,33.33,-1.389
000240248,22,NA,NA
000240284,23,80.95,-0.761
000240287,12,80.0,-0.583
000240289,27,48.0,-1.463
000240320,31,3.33,-2.925
000240323,24,26.09,-1.22
000240324,20,50.0,-1.351
000240329,22,20.0,-1.936
000240350,23,78.95,-0.485
000240352,20,52.63,-1.067
000440005,12,60.0,-0.608
000440021,24,46.15,-0.891
000440032,12,10.0,-1.384
000440035,13,22.22,-0.911
000440043,14,38.46,-1.037
000440045,8,16.67,-0.973
000440049,12,88.89,-0.699
000440062,14,44.44,-1.325
000440082,14,62.5,-1.203
000440089,14,46.15,-1.194
000440090,9,66.67,-0.702
000440099,23,72.22,-0.805
000440104,17,25.0,-1.083
000440126,14,66.67,-0.614
000440132,13,70.0,-0.951
000440145,19,38.46,-1.092
000440147,19,38.46,-0.873
000440163,13,9.09,-1.629
000440173,10,75.0,-0.713
000440175,6,33.33,-1.013
000490002,10,NA,NA
000490017,14,44.44,-0.904
000490032,8,NA,NA
000490047,10,100.0,-0.301
000490052,11,0.0,-1.677
000490086,13,60.0,-0.787
000490087,13,37.5,-0.653
000490088,10,37.5,-0.805
000490092,13,80.0,-0.988
000490097,17,54.55,-0.888
000490101,13,50.0,-1.223
000490102,18,17.65,-1.993
000490117,16,84.62,-1.004
000490134,14,41.67,-0.983
000490144,18,13.33,-1.026
000490151,17,81.25,-0.554
000490157,7,100.0,-0.869
000490162,13,16.67,-1.428
000490164,8,NA,NA
000490175,16,NA,NA
000920002,11,80.0,-0.648
000920009,9,66.67,-0.896
000920010,11,22.22,-1.017
000920025,13,41.67,-1.084
000920040,13,100.0,-0.19
000920051,10,22.22,-1.289
000920055,15,76.92,-0.894
000920074,14,50.0,-1.025
000920092,20,35.29,-1.481
000920094,17,31.25,-1.514
000920099,19,81.25,-0.814
000920104,14,50.0,-0.885
000920122,14,69.23,-0.866
000920126,16,71.43,-0.647
000920129,19,64.29,-0.813
000920134,11,70.0,-0.735
000920136,17,13.33,-1.683
000920149,20,53.85,-0.848
000920167,12,70.0,-0.919
000920173,8,57.14,-1.171
000930005,11,20.0,-1.185
000930014,14,92.31,-0.311
000930018,17,76.92,-0.75
000930026,11,NA,NA
000930035,11,50.0,-0.491
000930040,10,37.5,-0.925
000930048,13,30.0,-1.081
000930050,13,NA,NA
000930051,11,50.0,-1.349
000930056,12,36.36,-1.202
000930089,14,66.67,-0.758
000930091,19,52.94,-1.075
000930095,14,83.33,-0.717
000930099,20,68.75,-0.782
000930101,13,NA,NA
000930111,18,66.67,-0.692
000930148,18,86.67,-0.551
000930151,11,71.43,-0.773
000930155,10,37.5,-1.034
000930162,11,NA,NA
000940012,19,NA,NA
000940015,17,87.5,-0.585
000940021,16,71.43,-0.514
000940027,10,NA,NA
000940032,7,0.0,-1.233
000940042,15,61.54,-0.623
000940049,10,55.56,-0.948
000940067,16,73.33,-0.495
000940068,12,72.73,-0.714
000940073,13,45.45,-1.079
000940074,12,NA,NA
000940086,11,NA,NA
000940093,15,28.57,-1.266
000940102,17,56.25,-0.776
000940103,16,14.29,-1.414
000940122,22,27.78,-1.593
000940133,16,16.67,-1.469
000940147,16,35.71,-1.14
000940150,6,66.67,-0.479
000940173,13,63.64,-0.656
000960002,12,NA,NA
000960008,15,50.0,-1.004
000960019,15,33.33,-1.102
000960040,12,20.0,-0.983
000960043,9,50.0,-0.787
000960046,14,36.36,-1.003
000960048,11,60.0,-1.192
000960049,11,33.33,-1.123
000960050,11,NA,NA
000960052,9,50.0,-0.959
000960054,9,57.14,-1.055
000960066,18,56.25,-0.904
000960071,15,7.69,-1.423
000960073,17,NA,NA
000960084,17,46.15,-1.177
000960090,8,50.0,-0.873
000960093,12,81.82,-0.777
000960136,17,20.0,-1.265
000960167,7,NA,NA
000960168,7,40.0,-1.259
001110009,10,22.22,-1.659
001110023,14,66.67,-0.794
001110039,13,30.0,-1.399
001110040,7,NA,NA
001110047,12,10.0,-1.034
001110056,17,33.33,-1.16
001110060,12,40.0,-0.752
001110067,16,63.64,-0.909
001110072,16,33.33,-0.967
001110076,17,0.0,-5.848
001110094,16,42.86,-0.944
001110099,18,35.71,-0.987
001110114,19,43.75,-1.076
001110122,18,28.57,-1.037
001110129,13,40.0,-1.06
001110135,10,28.57,-0.892
001110137,19,60.0,-0.852
001110141,18,33.33,-1.208
001110151,13,NA,NA
001110173,15,63.64,-0.942
001120010,9,12.5,-0.97
001120013,16,85.71,-1.073
001120024,17,100.0,-1.234
001120031,14,NA,NA
001120038,12,0.0,-2.202
001120063,15,18.18,-1.267
001120078,17,58.33,-0.885
001120090,11,NA,NA
001120097,18,57.14,-0.806
001120098,14,66.67,-0.985
001120101,13,30.0,-0.825
001120105,18,70.0,-0.584
001120119,24,53.33,-0.949
001120130,10,50.0,-0.602
001120136,13,8.33,-1.368
001120141,17,75.0,-0.858
001120148,18,46.15,-0.905
001120156,17,46.15,-1.068
001120159,14,NA,NA
001120162,11,0.0,-1.282
001130002,10,0.0,-7.279
001130005,18,75.0,-0.63
001130019,17,26.67,-1.174
001130021,14,66.67,-1.049
001130023,13,45.45,-1.017
001130024,14,23.08,-1.068
001130039,11,NA,NA
001130047,15,NA,NA
001130054,13,50.0,-1.073
001130073,15,35.71,-1.239
001130074,12,NA,NA
001130082,10,50.0,-0.828
001130087,12,60.0,-0.69
001130102,14,55.56,-1.162
001130118,15,14.29,-1.357
001130123,21,62.5,-0.921
001130138,15,15.38,-1.166
001130155,8,83.33,-0.598
001130168,14,83.33,-0.685
001130173,10,NA,NA
001140008,15,NA,NA
001140045,13,25.0,-0.72
001140046,14,NA,NA
001140049,15,NA,NA
001140054,12,100.0,-0.644
001140056,15,28.57,-1.374
001140059,13,60.0,-0.798
001140064,15,NA,NA
001140068,14,8.33,-1.441
001140099,20,23.53,-1.571
001140100,12,30.0,-0.801
001140104,14,53.85,-0.884
001140108,14,41.67,-1.413
001140120,18,53.33,-0.949
001140130,11,55.56,-0.973
001140133,14,25.0,-1.34
001140140,13,80.0,-0.598
001140146,25,NA,NA
001140159,11,44.44,-0.609
001140163,8,NA,NA
001200015,32,26.67,-1.379
001200016,24,52.63,-0.879
001200050,29,16.0,-1.944
001200081,23,38.1,-0.988
001200098,20,68.75,-0.84
001200103,22,50.0,-1.058
001200114,27,58.33,-1.174
001200121,14,30.0,-1.52
001200126,12,72.73,-1.096
001200145,25,72.73,-0.542
001200146,24,40.91,-1.333
001200159,14,41.67,-1.66
001200161,24,NA,NA
001200162,17,62.5,-1.103
001200168,24,28.57,-1.321
001200209,27,11.54,-1.996
001200210,28,80.77,-0.693
001200306,20,58.82,-1.269
001200338,22,57.14,-0.678
001200350,26,NA,NA
001220013,11,44.44,-1.169
001220015,16,63.64,-0.557
001220021,11,25.0,-0.961
001220031,14,40.0,-0.793
001220034,11,57.14,-0.901
001220037,8,50.0,-0.925
001220038,11,66.67,-0.944
001220051,11,60.0,-0.78
001220068,13,91.67,-0.352
001220093,13,62.5,-0.78
001220101,14,33.33,-1.21
001220104,9,83.33,-0.956
001220127,17,50.0,-0.923
001220129,12,60.0,-0.774
001220137,21,50.0,-0.758
001220138,13,37.5,-0.971
001220159,11,42.86,-1.485
001220163,10,75.0,-0.475
001220166,13,66.67,-0.687
001220168,14,18.18,-1.121
001330002,12,18.18,-1.933
001330027,8,83.33,-0.515
001330033,12,60.0,-1.195
001330057,13,9.09,-1.445
001330067,10,NA,NA
001330068,12,NA,NA
001330075,17,14.29,-1.289
001330097,17,53.85,-0.639
001330099,21,85.0,-0.282
001330112,12,NA,NA
001330115,17,46.67,-1.094
001330118,21,42.11,-1.34
001330126,24,NA,NA
001330128,21,31.58,-0.939
001330129,13,70.0,-0.691
001330143,15,71.43,-0.957
001330146,16,33.33,-1.26
001330155,10,100.0,-1.353
001330170,10,50.0,-0.725
001330172,13,75.0,-0.564
001490002,17,14.29,-1.303
001490016,15,46.15,-1.079
001490024,16,16.67,-1.492
001490032,13,NA,NA
001490039,13,91.67,-0.706
001490045,21,22.22,-1.458
001490052,16,35.71,-1.079
001490056,15,NA,NA
001490077,22,75.0,-0.661
001490080,17,76.92,-0.988
001490093,18,18.75,-0.886
001490101,19,53.33,-1.044
001490109,11,44.44,-0.861
001490127,17,84.62,-0.788
001490131,10,50.0,-0.96
001490138,13,27.27,-1.13
001490153,17,26.67,-1.554
001490155,7,66.67,-1.135
001490161,10,40.0,-1.437
001490171,8,83.33,-0.642
001570024,25,78.26,-0.886
001570030,41,82.5,-0.644
001570034,22,5.0,-1.73
001570061,23,81.82,-0.914
001570072,23,50.0,-1.072
001570100,16,50.0,-1.312
001570165,16,53.33,-0.907
001570185,16,0.0,-1.927
001570194,22,57.14,-0.909
001570203,16,NA,NA
001570212,21,NA,NA
001570216,24,36.36,-1.324
001570269,27,78.26,-1.11
001570272,11,NA,NA
001570290,22,NA,NA
001570316,26,55.0,-0.932
001570324,28,3.7,-3.658
001570325,31,32.14,-1.586
001570361,24,36.36,-1.311
001570378,25,91.3,-0.58
003060002,23,50.0,-1.287
003060017,21,66.67,-1.062
003060025,36,64.71,-0.98
003060028,32,77.78,-0.644
003060064,25,4.35,-2.177
003060087,25,53.33,-1.21
003060107,17,44.44,-0.918
003060161,19,60.0,-0.753
003060186,17,71.43,-0.753
003060226,19,31.25,-1.449
003060229,19,50.0,-1.077
003060235,19,47.06,-0.734
003060245,20,73.33,-0.976
003060259,21,75.0,-0.736
003060263,30,57.89,-0.927
003060285,22,61.11,-1.119
003060291,26,27.27,-1.766
003060306,26,42.11,-1.179
003060319,12,50.0,-0.807
003060337,26,65.0,-0.646
004570010,32,38.1,-1.126
004570071,18,62.5,-0.79
004570074,26,47.37,-1.001
004570106,26,40.91,-1.043
004570124,15,100.0,-0.553
004570129,15,0.0,-2.571
004570137,20,66.67,-0.835
004570145,26,47.06,-1.312
004570146,19,72.73,-1.002
004570167,14,50.0,-0.933
004570237,30,50.0,-1.137
004570256,22,36.36,-0.754
004570259,28,88.0,-0.379
004570268,17,58.33,-0.723
004570283,23,37.5,-1.374
004570289,27,50.0,-1.105
004570300,29,38.1,-1.631
004570304,12,28.57,-0.867
004570306,20,87.5,-0.706
004570374,17,28.57,-1.343
004610037,25,65.0,-0.794
004610054,19,50.0,-1.108
004610065,39,53.12,-0.835
004610129,13,66.67,-0.545
004610148,11,20.0,-1.591
004610151,14,66.67,-0.486
004610176,12,40.0,-1.082
004610177,19,100.0,-0.006
004610182,29,40.91,-1.26
004610227,21,73.68,-0.645
004610230,24,40.0,-1.675
004610231,20,16.67,-1.558
004610238,21,52.94,-0.94
004610239,13,91.67,-0.241
004610246,14,40.0,-0.863
004610266,15,66.67,-0.809
004610290,18,64.29,-0.775
004610298,17,54.55,-1.514
004610362,22,73.68,-0.707
004610373,21,68.42,-0.557
005630017,17,44.44,-1.22
005630044,28,59.09,-0.821
005630072,16,100.0,-0.564
005630081,31,61.54,-1.08
005630122,21,21.05,-1.409
005630127,20,84.21,-0.684
005630142,21,61.11,-1.123
005630147,14,50.0,-1.126
005630151,23,50.0,-1.131
005630160,12,50.0,-0.649
005630169,18,41.18,-1.106
005630195,18,33.33,-1.138
005630225,22,31.58,-1.295
005630267,13,27.27,-1.584
005630284,25,69.57,-0.883
005630291,28,48.0,-1.093
005630302,11,66.67,-0.563
005630315,44,55.56,-1.163
005630330,18,38.46,-1.109
005630375,17,46.67,-0.899
005670043,17,54.55,-0.86
005670055,21,31.25,-1.301
005670113,18,7.14,-1.676
005670122,16,50.0,-1.023
005670125,26,50.0,-1.424
005670137,15,78.57,-1.032
005670147,18,33.33,-0.819
005670155,19,16.67,-1.191
005670159,14,33.33,-0.921
005670160,18,35.71,-1.08
005670189,16,8.33,-1.55
005670198,16,71.43,-0.633
005670282,25,68.75,-1.129
005670289,15,50.0,-1.335
005670292,14,58.33,-0.886
005670303,17,30.77,-1.407
005670310,16,69.23,-0.812
005670320,17,30.77,-0.91
005670348,13,71.43,-0.609
005670356,25,66.67,-1.01
007360004,24,38.1,-1.348
007360006,32,60.0,-1.027
007360036,17,92.31,-1.024
007360045,16,50.0,-1.261
007360055,26,26.32,-1.349
007360108,13,66.67,-0.809
007360181,29,41.67,-1.347
007360196,28,35.0,-0.993
007360205,23,35.0,-1.2
007360212,21,64.29,-0.833
007360233,14,36.36,-0.753
007360247,15,33.33,-1.19
007360249,17,60.0,-0.639
007360250,18,61.54,-0.788
007360280,22,52.94,-1.126
007360281,12,63.64,-0.791
007360296,27,48.0,-0.761
007360299,18,53.85,-0.93
007360305,18,63.64,-0.739
007360374,11,66.67,-0.827
007650036,38,58.06,-1.052
007650061,35,44.0,-0.995
007650076,38,41.38,-1.0
007650078,23,61.9,-0.81
007650084,23,70.0,-0.747
007650089,36,35.71,-1.42
007650116,20,53.33,-0.882
007650131,27,46.67,-0.711
007650174,18,26.67,-1.476
007650181,17,35.71,-1.329
007650192,19,52.94,-0.969
007650197,17,60.0,-0.936
007650254,18,73.33,-0.918
007650271,18,37.5,-1.156
007650294,18,69.23,-0.625
007650337,17,NA,NA
007650346,21,27.78,-1.676
007650352,12,25.0,-1.548
007650369,21,12.5,-1.916
007650377,24,78.26,-0.707
008110043,23,NA,NA
008110049,23,88.89,-0.424
008110106,25,60.87,-0.745
008110107,31,3.45,-2.063
008110110,34,89.29,-0.835
008110113,17,68.75,-0.911
008110116,21,63.16,-0.705
008110147,26,29.17,-1.492
008110159,28,88.89,-0.206
008110175,12,NA,NA
008110204,23,18.18,-1.603
008110209,25,56.52,-1.122
008110224,14,84.62,-0.491
008110247,17,20.0,-1.534
008110258,17,NA,NA
008110286,37,40.0,-1.466
008110287,22,31.25,-1.419
008110307,22,63.16,-1.031
008110340,16,23.08,-1.005
008110371,15,14.29,-1.328
009810029,24,52.63,-1.125
009810073,20,85.71,-0.31
009810075,30,59.26,-0.958
009810106,20,26.32,-1.482
009810112,21,20.0,-1.699
009810153,14,44.44,-0.995
009810155,18,41.18,-1.305
009810196,26,52.63,-0.833
009810200,14,50.0,-1.174
009810204,36,85.29,-0.403
009810230,24,100.0,-0.082
009810235,17,50.0,-1.085
009810249,26,50.0,-1.254
009810258,18,53.85,-1.142
009810283,20,41.18,-1.416
009810293,14,61.54,-1.155
009810305,16,50.0,-1.185
009810327,15,42.86,-0.978
009810344,14,60.0,-0.934
009810349,13,41.67,-1.328
010300003,18,82.35,-0.19
010300105,36,46.88,-1.595
010300106,23,18.18,-1.843
010300123,16,NA,NA
010300128,14,66.67,-0.934
010300133,16,66.67,-1.036
010300153,26,30.0,-1.382
010300157,24,61.9,-0.846
010300159,31,32.14,-1.28
010300169,12,85.71,-1.106
010300194,19,83.33,-0.534
010300216,25,86.96,-0.75
010300217,16,NA,NA
010300236,15,NA,NA
010300275,17,87.5,-0.341
010300282,12,NA,NA
010300298,20,NA,NA
010300316,31,80.77,-0.818
010300325,25,13.04,-1.787
010300328,21,27.78,-1.566
010370025,26,65.0,-0.962
010370070,28,30.77,-1.815
010370099,25,45.45,-1.527
010370102,11,90.0,-0.979
010370131,15,76.92,-0.921
010370140,31,44.44,-1.374
010370202,15,64.29,-1.328
010370204,18,58.82,-1.054
010370216,16,54.55,-0.972
010370217,15,35.71,-1.507
010370232,20,26.32,-1.578
010370234,32,44.83,-1.273
010370246,22,66.67,-0.884
010370251,17,NA,NA
010370253,17,93.75,-0.684
010370265,19,NA,NA
010370290,26,12.5,-2.223
010370309,19,88.89,-0.706
010370352,24,21.74,-1.779
010370380,11,NA,NA
010390004,29,23.08,-1.811
010390027,32,50.0,-1.124
010390039,14,NA,NA
010390041,11,55.56,-1.254
010390064,19,38.89,-1.103
010390126,15,50.0,-1.257
010390166,14,23.08,-0.879
010390170,17,NA,NA
010390175,15,41.67,-0.861
010390183,13,100.0,-0.322
010390189,18,NA,NA
010390216,14,66.67,-0.829
010390218,21,35.0,-1.438
010390244,21,50.0,-0.914
010390257,17,NA,NA
010390269,16,100.0,-0.184
010390285,19,35.29,-1.178
010390303,18,6.25,-1.681
010390341,26,25.0,-1.199
010390366,32,66.67,-1.044
010460017,19,30.0,-1.143
010460020,16,61.54,-0.671
010460030,12,37.5,-1.267
010460034,11,28.57,-1.215
010460041,13,57.14,-0.873
010460050,19,28.57,-1.382
010460053,12,100.0,-0.37
010460061,16,NA,NA
010460066,20,41.67,-0.985
010460079,13,0.0,-1.687
010460088,14,30.77,-1.215
010460111,20,29.41,-1.266
010460114,19,50.0,-0.794
010460120,11,22.22,-0.914
010460149,16,41.67,-0.767
010460152,10,22.22,-0.851
010460153,10,33.33,-0.656
010460155,13,75.0,-0.723
010460158,13,0.0,-2.092
010460162,12,33.33,-1.229
010500012,16,15.38,-1.44
010500018,11,88.89,-0.645
010500028,12,90.0,-0.636
010500058,13,44.44,-1.158
010500071,14,NA,NA
010500073,13,NA,NA
010500083,20,92.31,-0.521
010500085,20,64.71,-0.804
010500089,18,66.67,-1.013
010500090,15,41.67,-1.732
010500100,12,40.0,-1.266
010500108,19,35.29,-0.969
010500110,14,41.67,-1.063
010500113,17,60.0,-0.803
010500131,13,50.0,-0.872
010500147,15,16.67,-1.247
010500149,21,56.25,-0.965
010500152,13,40.0,-1.218
010500163,18,47.06,-1.048
010500167,9,14.29,-1.309
010610015,15,46.15,-0.761
010610017,12,100.0,-0.231
010610024,16,23.08,-1.298
010610025,12,12.5,-1.11
010610035,11,62.5,-0.858
010610057,16,92.31,-0.319
010610067,17,33.33,-1.669
010610069,16,80.0,-0.565
010610073,13,20.0,-1.86
010610080,9,NA,NA
010610087,14,75.0,-0.696
010610094,19,52.94,-0.946
010610099,14,40.0,-1.001
010610102,15,46.15,-0.954
010610113,19,26.67,-1.121
010610114,21,58.82,-0.698
010610129,15,41.67,-0.826
010610151,11,87.5,-0.956
010610165,14,83.33,-0.598
010610171,15,58.33,-1.178
010750002,15,NA,NA
010750003,14,33.33,-1.288
010750010,8,NA,NA
010750011,15,27.27,-0.846
010750021,15,54.55,-1.102
010750024,11,40.0,-0.694
010750026,12,9.09,-3.382
010750035,11,30.0,-1.137
010750043,13,25.0,-1.188
010750060,16,42.86,-0.653
010750062,15,33.33,-0.923
010750072,11,33.33,-1.251
010750094,19,37.5,-1.041
010750097,15,NA,NA
010750099,13,100.0,-0.412
010750102,14,NA,NA
010750104,22,41.18,-1.173
010750117,16,NA,NA
010750163,9,100.0,-0.526
010750168,9,12.5,-2.508
010760001,13,75.0,-0.749
010760002,15,30.0,-1.276
010760013,15,25.0,-1.101
010760032,13,28.57,-1.155
010760038,11,28.57,-1.337
010760046,15,42.86,-0.902
010760060,16,84.62,-0.423
010760062,11,42.86,-1.254
010760067,15,84.62,-0.407
010760076,16,63.64,-1.04
010760079,12,33.33,-1.59
010760089,13,57.14,-0.842
010760097,17,33.33,-1.298
010760108,24,44.44,-1.217
010760111,20,50.0,-1.309
010760116,23,38.89,-1.18
010760136,13,50.0,-0.657
010760151,9,83.33,-1.083
010760162,9,50.0,-0.792
010760169,9,60.0,-0.887
010990020,20,64.71,-0.851
010990048,23,42.86,-1.392
010990060,21,83.33,-0.671
010990063,26,45.0,-1.502
010990082,29,24.0,-1.818
010990087,32,51.72,-1.123
010990123,14,0.0,-1.878
010990139,18,43.75,-1.09
010990162,18,75.0,-0.8
010990165,14,80.0,-0.817
010990188,26,63.16,-1.13
010990202,15,0.0,-2.042
010990218,17,66.67,-0.805
010990239,16,28.57,-1.148
010990260,20,50.0,-1.28
010990267,23,80.95,-0.568
010990276,15,0.0,-2.015
010990279,24,90.0,-0.651
010990291,14,92.31,-0.298
010990313,13,54.55,-0.894
011090011,17,83.33,-0.838
011090020,23,42.11,-1.277
011090034,10,75.0,-0.516
011090089,15,23.08,-1.485
011090140,30,16.67,-1.678
011090154,30,48.0,-1.315
011090184,16,69.23,-0.971
011090220,20,35.71,-1.184
011090235,19,76.47,-0.809
011090246,21,50.0,-1.368
011090273,16,57.14,-0.983
011090277,21,43.75,-0.902
011090292,27,81.82,-1.055
011090295,21,72.22,-1.113
011090320,33,50.0,-1.358
011090329,12,9.09,-1.508
011090333,28,NA,NA
011090334,30,40.0,-1.341
011090335,19,NA,NA
011090359,27,28.0,-1.951
011350001,24,77.27,-0.627
011350026,24,23.53,-1.333
011350027,26,39.13,-1.238
011350064,25,50.0,-1.252
011350116,30,11.11,-2.846
011350141,29,85.19,-0.262
011350158,13,25.0,-1.743
011350173,16,14.29,-1.54
011350190,28,57.69,-1.174
011350215,22,50.0,-1.266
011350218,20,73.33,-0.983
011350221,18,76.47,-0.882
011350225,28,66.67,-0.863
011350249,19,68.75,-1.025
011350257,22,78.95,-0.715
011350290,23,60.0,-0.822
011350303,18,50.0,-0.971
011350318,21,46.15,-1.254
011350345,35,54.55,-1.244
011350374,16,13.33,-1.845
011560005,31,74.07,-0.739
011560058,23,31.82,-1.12
011560063,23,90.0,-0.557
011560068,38,77.78,-0.815
011560072,14,30.0,-0.9
011560075,24,9.52,-1.58
011560086,27,45.45,-1.03
011560100,33,89.66,-0.25
011560117,24,43.48,-1.016
011560184,28,18.52,-1.855
011560192,26,NA,NA
011560202,19,0.0,-2.849
011560257,23,84.21,-0.682
011560269,22,50.0,-0.885
011560275,17,93.75,-0.168
011560289,17,NA,NA
011560320,21,30.0,-1.131
011560353,18,75.0,-0.714
011560354,25,61.9,-1.357
011560372,11,66.67,-1.038
011810063,18,35.71,-0.924
011810067,23,44.44,-1.358
011810133,16,45.45,-0.719
011810162,22,52.94,-0.761
011810168,15,77.78,-0.646
011810173,26,72.73,-0.747
011810184,25,75.0,-0.815
011810197,32,47.62,-0.94
011810206,14,50.0,-0.74
011810213,14,30.0,-1.798
011810214,22,50.0,-0.834
011810222,19,26.67,-0.951
011810246,16,30.77,-0.797
011810247,17,NA,NA
011810279,19,22.22,-0.798
011810280,18,92.86,-0.435
011810284,30,50.0,-0.88
011810314,19,23.53,-1.289
011810334,23,85.71,-0.123
011810377,27,54.55,-1.016
011860256,18,30.77,-1.032
011860263,23,64.71,-0.807
011860264,19,28.57,-0.941
011860284,13,36.36,-1.408
011860285,15,66.67,-1.178
011860287,21,58.33,-1.075
011860292,20,69.23,-0.849
011860298,13,77.78,-0.729
011860301,19,73.33,-0.846
011860308,31,47.83,-1.237
011860317,17,27.27,-1.301
011860332,13,40.0,-0.871
011860335,19,50.0,-1.224
011860346,12,55.56,-1.12
011860359,13,10.0,-1.893
011860361,18,38.46,-1.146
011860363,26,38.46,-1.113
011860372,14,69.23,-0.722
011860373,19,37.5,-0.651
011860377,27,63.64,-0.891
012280016,22,27.27,-1.028
012280033,25,60.0,-1.015
012280053,31,34.78,-1.134
012280054,33,57.69,-1.121
012280161,21,21.05,-1.547
012280173,17,53.85,-0.8
012280198,23,35.71,-1.216
012280201,26,26.32,-1.157
012280206,20,16.67,-1.401
012280243,26,50.0,-0.835
012280261,22,58.82,-0.872
012280262,18,46.67,-0.992
012280276,13,70.0,-0.466
012280288,16,41.67,-0.995
012280308,30,39.13,-0.997
012280343,15,35.71,-0.727
012280345,12,88.89,-0.803
012280355,12,55.56,-1.196
012280366,21,53.33,-1.164
012280375,10,NA,NA
012920007,20,21.05,-1.313
012920027,29,76.92,-0.651
012920054,13,25.0,-0.946
012920062,22,58.82,-1.131
012920073,24,45.0,-0.864
012920085,21,45.0,-1.257
012920110,25,31.82,-1.507
012920121,13,41.67,-0.721
012920143,25,39.13,-1.453
012920146,20,58.82,-1.191
012920155,23,80.95,-0.83
012920158,18,NA,NA
012920214,23,63.64,-1.234
012920254,24,69.57,-0.681
012920259,20,56.25,-0.713
012920268,26,42.86,-0.997
012920270,14,61.54,-0.587
012920299,24,86.96,-0.254
012920301,18,NA,NA
012920368,19,28.57,-1.345
012930008,23,70.0,-0.678
012930012,17,28.57,-0.957
012930028,33,61.29,-0.918
012930036,12,NA,NA
012930037,23,72.73,-0.478
012930040,22,85.71,-0.29
012930051,20,36.84,-1.187
012930067,20,43.75,-1.16
012930079,17,NA,NA
012930097,32,85.19,-0.451
012930114,25,78.26,-0.646
012930127,20,70.59,-0.898
012930139,22,50.0,-0.79
012930155,15,75.0,-0.7
012930195,22,95.24,-0.554
012930225,21,42.11,-1.03
012930240,23,13.64,-1.857
012930261,20,37.5,-1.048
012930266,19,100.0,-0.168
012930315,10,100.0,-0.352
013340007,28,36.0,-1.158
013340034,19,61.54,-0.812
013340046,18,64.29,-0.869
013340091,24,47.37,-0.888
013340137,22,77.78,-0.772
013340147,17,33.33,-0.978
013340159,18,40.0,-1.167
013340204,17,71.43,-0.95
013340217,24,43.48,-0.888
013340243,23,80.0,-0.518
013340245,23,85.0,-0.534
013340255,23,47.37,-0.84
013340259,26,47.06,-1.035
013340277,15,92.86,-0.491
013340291,18,45.45,-0.871
013340297,20,33.33,-0.915
013340313,17,NA,NA
013340345,21,33.33,-1.041
013340375,25,31.58,-0.885
013340378,18,61.54,-0.878
014040005,12,12.5,-1.011
014040013,15,50.0,-0.965
014040027,12,42.86,-0.784
014040028,10,0.0,-1.351
014040052,18,NA,NA
014040072,15,42.86,-0.994
014040081,12,100.0,-1.17
014040088,14,NA,NA
014040089,12,NA,NA
014040090,13,NA,NA
014040096,18,40.0,-0.846
014040097,22,50.0,-0.58
014040109,17,40.0,-0.78
014040111,25,50.0,-0.984
014040122,20,NA,NA
014040124,12,70.0,-0.528
014040145,27,62.5,-0.707
014040148,22,0.0,-0.322
014040152,16,53.33,-0.809
014040155,13,40.0,-1.242
014080008,21,NA,NA
014080073,15,100.0,-0.086
014080091,22,72.22,-0.836
014080103,16,53.85,-1.13
014080117,20,94.74,-0.148
014080134,12,10.0,-1.293
014080149,12,9.09,-1.284
014080178,13,50.0,-1.174
014080201,14,NA,NA
014080243,17,93.75,-0.336
014080270,20,68.75,-0.785
014080279,20,33.33,-1.05
014080301,13,NA,NA
014080333,22,50.0,-0.959
014080336,18,52.94,-1.165
014080337,19,47.06,-0.853
014080339,12,10.0,-1.359
014080358,27,26.09,-1.494
014080361,27,56.0,-1.178
014080362,22,68.42,-0.657
014200011,20,21.05,-1.295
014200060,22,38.1,-0.81
014200076,21,89.47,-0.617
014200086,18,50.0,-0.986
014200087,37,NA,NA
014200124,19,52.94,-0.981
014200161,22,15.79,-1.982
014200177,21,36.84,-0.847
014200206,22,43.75,-0.819
014200207,17,78.57,-0.424
014200229,27,73.91,-0.59
014200238,12,20.0,-0.834
014200246,15,71.43,-0.882
014200272,22,33.33,-0.89
014200295,20,56.25,-0.774
014200296,16,85.71,-0.672
014200339,25,37.5,-0.841
014200342,24,68.18,-0.743
014200353,29,78.57,-0.642
014200357,15,NA,NA
014220001,19,50.0,-1.103
014220003,17,35.71,-1.207
014220021,14,18.18,-1.112
014220027,16,66.67,-1.108
014220038,6,NA,NA
014220044,12,25.0,-0.79
014220048,28,41.67,-0.887
014220058,16,25.0,-1.103
014220066,13,50.0,-0.822
014220068,12,18.18,-1.328
014220070,15,0.0,-0.722
014220081,15,66.67,-1.021
014220087,14,11.11,-1.326
014220102,14,50.0,-2.07
014220115,18,25.0,-0.857
014220140,19,40.0,-0.763
014220142,19,50.0,-0.488
014220159,10,40.0,-0.68
014220160,9,62.5,-0.755
014220167,9,NA,NA
014650011,17,NA,NA
014650023,20,46.67,-1.214
014650032,13,NA,NA
014650037,12,100.0,-0.259
014650038,13,18.18,-1.495
014650040,12,66.67,-0.974
014650041,7,0.0,-1.473
014650043,12,54.55,-1.001
014650047,13,9.09,-1.275
014650058,17,46.67,-0.939
014650059,13,91.67,-0.119
014650063,13,70.0,-0.657
014650085,18,100.0,-0.36
014650087,16,26.67,-1.543
014650088,19,43.75,-0.845
014650108,19,53.33,-0.831
014650113,18,6.67,-1.452
014650125,11,33.33,-1.055
014650145,26,57.89,-1.054
014650164,15,NA,NA
014690004,16,80.0,-0.588
014690006,17,20.0,-1.766
014690018,17,53.33,-1.099
014690020,20,64.71,-0.916
014690047,14,46.15,-1.253
014690048,23,NA,NA
014690050,22,76.19,-1.178
014690055,24,43.48,-1.557
014690062,16,93.33,-0.151
014690067,15,NA,NA
014690074,13,63.64,-1.264
014690082,17,53.33,-1.118
014690110,22,50.0,-1.265
014690113,23,NA,NA
014690121,12,36.36,-1.714
014690125,13,50.0,-0.679
014690136,15,0.0,-7.331
014690144,21,21.05,-1.618
014690150,9,75.0,-0.8
014690167,21,50.0,-1.35
015010004,19,35.29,-1.186
015010014,17,37.5,-1.169
015010033,10,50.0,-0.999
015010038,11,77.78,-0.479
015010041,12,70.0,-0.603
015010079,8,14.29,-1.711
015010087,13,50.0,-1.813
015010094,17,73.33,-0.729
015010097,14,61.54,-0.592
015010103,14,76.92,-0.517
015010115,19,60.0,-0.82
015010121,10,42.86,-0.996
015010125,15,22.22,-1.182
015010137,19,75.0,-0.561
015010145,26,16.0,-1.845
015010151,14,46.15,-0.912
015010156,10,33.33,-0.781
015010159,9,28.57,-1.001
015010169,17,42.86,-1.018
015010170,15,69.23,-0.727
015020001,16,21.43,-1.337
015020007,21,18.75,-1.537
015020010,17,50.0,-1.095
015020012,21,22.22,-1.257
015020017,16,35.71,-0.916
015020022,15,77.78,-0.917
015020029,10,42.86,-1.2
015020045,11,66.67,-0.987
015020061,18,25.0,-1.185
015020065,17,31.25,-1.147
015020070,13,66.67,-0.753
015020088,19,33.33,-1.054
015020097,13,40.0,-1.154
015020099,11,75.0,-0.924
015020101,16,71.43,-0.45
015020113,21,43.75,-0.895
015020126,14,63.64,-0.642
015020136,16,69.23,-0.899
015020161,21,0.0,-2.354
015020162,9,NA,NA
015030001,19,30.0,-0.817
015030005,18,80.0,-0.552
015030006,14,60.0,-1.278
015030010,16,88.89,-0.992
015030015,23,42.11,-0.852
015030027,22,30.77,-1.089
015030030,5,75.0,-1.073
015030041,9,NA,NA
015030067,13,44.44,-1.907
015030077,14,NA,NA
015030082,16,76.92,-0.607
015030106,17,23.08,-0.853
015030109,19,29.41,-1.311
015030115,24,35.29,-1.18
015030118,22,38.89,-1.429
015030122,12,37.5,-0.939
015030125,10,42.86,-1.263
015030133,14,46.15,-1.041
015030142,20,58.82,-0.697
015030150,10,NA,NA
020020015,15,0.0,-2.123
020020032,33,83.33,-0.688
020020094,24,47.62,-1.13
020020108,28,53.85,-1.037
020020123,13,75.0,-0.632
020020174,14,76.92,-0.775
020020181,25,72.73,-0.728
020020185,23,NA,NA
020020204,13,81.82,-0.614
020020206,14,NA,NA
020020208,26,42.86,-1.169
020020220,20,15.79,-1.425
020020278,17,62.5,-0.828
020020285,28,61.54,-1.26
020020295,26,82.61,-0.846
020020303,16,78.57,-0.652
020020348,19,13.33,-1.386
020020357,20,64.71,-0.708
020020361,15,78.57,-0.498
020020377,15,83.33,-0.633
020070039,12,NA,NA
020070050,14,NA,NA
020070065,20,94.44,-0.27
020070066,15,85.71,-0.325
020070070,17,NA,NA
020070079,19,12.5,-1.792
020070081,19,18.75,-1.302
020070083,19,61.54,-0.935
020070086,18,NA,NA
020070091,23,52.63,-1.152
020070095,22,29.41,-1.358
020070105,16,26.67,-1.629
020070132,18,20.0,-1.391
020070146,15,0.0,-5.599
020070152,13,83.33,-0.447
020070153,10,NA,NA
020070154,16,41.67,-1.514
020070157,10,55.56,-0.905
020070165,17,6.25,-5.493
020070166,11,57.14,-1.116
020140004,15,40.0,-0.793
020140014,15,71.43,-0.523
020140028,13,40.0,-0.849
020140032,14,28.57,-0.933
020140036,12,25.0,-1.229
020140041,12,NA,NA
020140045,12,66.67,-0.846
020140048,14,50.0,-0.902
020140055,15,36.36,-1.01
020140059,23,90.91,-0.67
020140074,14,41.67,-1.277
020140083,18,31.25,-1.122
020140087,19,73.33,-0.535
020140096,28,25.93,-1.18
020140099,22,44.44,-1.134
020140114,16,54.55,-1.178
020140117,18,NA,NA
020140121,16,53.85,-0.893
020140133,23,27.27,-1.58
020140173,13,NA,NA
020160042,19,16.67,-1.418
020160068,32,25.0,-1.39
020160093,27,70.83,-0.808
020160128,24,72.73,-0.822
020160131,24,23.81,-1.906
020160132,24,52.17,-1.082
020160151,26,57.14,-1.118
020160171,24,54.55,-0.969
020160178,25,0.0,-3.037
020160207,20,21.05,-1.902
020160222,14,84.62,-0.457
020160245,28,42.31,-1.176
020160264,12,27.27,-1.31
020160295,20,37.5,-1.473
020160312,12,66.67,-1.277
020160318,14,58.33,-0.987
020160335,21,55.56,-0.709
020160344,15,NA,NA
020160347,26,72.0,-0.779
020160371,24,NA,NA
020270001,20,0.0,-1.878
020270005,16,12.5,-0.858
020270020,15,38.46,-1.548
020270030,13,25.0,-0.879
020270042,10,57.14,-1.192
020270048,12,45.45,-1.181
020270049,12,90.91,-0.449
020270077,20,37.5,-1.1
020270087,17,37.5,-1.094
020270108,20,40.0,-1.01
020270113,12,70.0,-0.549
020270136,14,61.54,-1.345
020270142,20,33.33,-1.351
020270146,22,30.0,-1.275
020270161,10,66.67,-0.506
020270167,12,36.36,-1.151
020270168,14,38.46,-1.407
020270170,10,22.22,-1.548
020270171,14,36.36,-1.085
020270174,13,40.0,-1.516
020300005,15,7.69,-1.181
020300012,17,33.33,-1.158
020300017,15,85.71,-0.458
020300020,18,5.88,-2.571
020300044,12,88.89,-0.801
020300053,18,46.67,-1.463
020300056,17,6.25,-1.962
020300057,17,62.5,-1.165
020300059,16,NA,NA
020300065,17,25.0,-0.93
020300073,12,25.0,-1.402
020300083,21,47.37,-1.405
020300097,18,35.71,-1.184
020300121,12,87.5,-0.922
020300132,13,25.0,-1.629
020300143,14,30.77,-1.205
020300147,15,NA,NA
020300156,12,50.0,-0.763
020300171,15,63.64,-0.819
020300173,13,37.5,-0.928
020310032,14,0.0,-1.438
020310042,19,26.67,-1.133
020310075,28,40.91,-1.06
020310085,22,36.84,-0.906
020310112,17,46.15,-1.62
020310114,26,23.81,-1.612
020310133,28,54.17,-1.013
020310141,17,NA,NA
020310148,19,78.57,-0.575
020310151,22,13.33,-1.576
020310154,13,16.67,-2.01
020310174,19,53.33,-1.094
020310219,18,11.76,-2.242
020310273,26,52.38,-0.721
020310281,16,61.54,-1.044
020310295,26,17.39,-1.43
020310297,14,27.27,-1.121
020310322,18,6.25,-1.674
020310335,12,10.0,-1.393
020310376,20,60.0,-0.878
021120025,18,81.25,-0.488
021120059,25,66.67,-0.849
021120074,25,50.0,-0.793
021120075,35,81.25,-0.619
021120085,14,NA,NA
021120108,31,46.43,-1.818
021120135,28,23.08,-1.236
021120151,14,0.0,-2.722
021120161,23,71.43,-0.815
021120164,24,26.09,-1.673
021120171,14,50.0,-1.369
021120187,20,NA,NA
021120232,22,76.19,-0.958
021120233,20,56.25,-1.284
021120250,27,16.0,-1.884
021120256,26,50.0,-1.056
021120296,19,47.06,-0.894
021120309,32,44.83,-1.244
021120321,29,23.08,-1.288
021120354,16,100.0,-0.163
021160002,25,31.82,-1.37
021160027,25,52.17,-1.003
021160075,28,59.26,-1.133
021160080,13,66.67,-0.733
021160089,27,56.0,-1.231
021160090,23,42.86,-1.237
021160120,32,22.58,-1.933
021160134,17,37.5,-1.18
021160185,23,70.0,-0.726
021160188,12,54.55,-1.041
021160195,16,NA,NA
021160198,20,NA,NA
021160203,18,NA,NA
021160207,15,38.46,-1.451
021160212,18,29.41,-1.355
021160232,17,18.75,-1.27
021160249,23,38.1,-1.458
021160303,28,20.0,-1.847
021160310,30,35.71,-1.55
021160326,25,100.0,-0.042
022520012,25,12.5,-1.958
022520036,18,64.29,-1.111
022520067,19,66.67,-0.882
022520159,12,80.0,-1.073
022520174,31,50.0,-1.249
022520200,13,41.67,-1.162
022520203,23,80.95,-0.891
022520209,27,79.17,-0.67
022520221,14,92.31,-0.828
022520225,14,27.27,-0.883
022520226,19,0.0,-3.072
022520258,21,63.16,-0.909
022520272,26,52.63,-0.902
022520290,19,53.33,-1.323
022520337,13,63.64,-0.824
022520345,22,NA,NA
022520358,30,51.85,-1.057
022520360,20,38.89,-1.287
022520366,22,94.74,-0.211
022520375,16,NA,NA
023270032,21,61.11,-0.898
023270080,17,NA,NA
023270098,19,NA,NA
023270118,19,31.25,-1.144
023270120,20,5.26,-2.121
023270140,22,NA,NA
023270148,21,83.33,-0.707
023270161,20,52.63,-1.159
023270171,16,6.67,-1.738
023270214,18,75.0,-1.358
023270237,29,50.0,-1.408
023270268,19,20.0,-1.362
023270280,14,NA,NA
023270286,12,9.09,-1.48
023270303,21,36.84,-1.218
023270315,17,21.43,-1.722
023270319,25,45.83,-1.714
023270321,25,45.0,-1.371
023270331,22,NA,NA
023270364,23,65.0,-0.844
023550002,42,52.63,-0.781
023550003,38,61.76,-1.089
023550008,21,25.0,-1.128
023550013,17,30.77,-1.293
023550099,19,22.22,-1.487
023550123,21,66.67,-0.51
023550138,15,91.67,-0.241
023550167,12,63.64,-0.933
023550175,25,66.67,-0.635
023550201,29,46.15,-1.195
023550202,25,17.39,-2.1
023550230,38,33.33,-1.539
023550233,17,NA,NA
023550237,24,50.0,-1.355
023550257,26,50.0,-1.19
023550260,18,76.92,-0.839
023550290,19,64.71,-0.767
023550310,19,57.14,-0.721
023550319,13,16.67,-1.382
023550341,17,13.33,-1.534
024380040,24,9.52,-1.719
024380041,17,73.33,-0.538
024380116,26,68.42,-0.654
024380142,23,42.86,-1.381
024380154,11,25.0,-1.07
024380194,17,NA,NA
024380197,22,0.0,-1.883
024380200,22,68.42,-0.756
024380204,17,58.33,-0.853
024380234,17,40.0,-1.278
024380247,13,45.45,-1.11
024380265,17,25.0,-1.233
024380276,20,56.25,-0.699
024380278,26,52.38,-1.338
024380315,11,22.22,-1.693
024380317,24,70.59,-1.053
024380325,26,58.33,-0.892
024380354,18,20.0,-1.629
024380363,18,43.75,-1.247
024380369,18,35.71,-1.183
024410049,16,NA,NA
024410052,30,41.38,-1.138
024410092,36,56.25,-1.039
024410098,27,50.0,-1.308
024410110,34,34.48,-1.569
024410149,20,50.0,-1.203
024410158,14,50.0,-1.336
024410160,20,31.58,-1.216
024410173,28,60.87,-1.001
024410222,20,20.0,-1.205
024410228,20,58.82,-1.243
024410240,15,30.77,-1.416
024410241,21,53.33,-0.974
024410294,15,15.38,-1.505
024410312,35,29.03,-2.117
024410318,24,38.1,-1.27
024410322,20,43.75,-1.123
024410350,17,NA,NA
024410368,27,40.91,-1.171
024410377,14,50.0,-1.507
024480016,29,80.0,-0.69
024480028,18,40.0,-1.419
024480094,29,29.63,-1.369
024480095,30,82.61,-0.984
024480105,27,62.5,-0.699
024480127,30,48.15,-1.175
024480159,19,75.0,-0.958
024480186,15,53.85,-1.313
024480188,30,41.67,-1.414
024480212,23,55.0,-1.197
024480228,17,81.25,-0.77
024480232,30,44.0,-1.39
024480241,20,50.0,-1.203
024480244,19,100.0,-0.092
024480251,16,73.33,-0.656
024480255,22,50.0,-0.661
024480270,15,NA,NA
024480292,26,50.0,-1.083
024480297,25,21.74,-1.813
024480335,14,75.0,-1.114
024510017,19,50.0,-0.881
024510043,27,92.31,-0.278
024510061,24,28.57,-1.311
024510070,33,NA,NA
024510114,27,68.0,-0.926
024510164,21,47.37,-1.201
024510179,19,75.0,-0.716
024510195,21,73.68,-0.912
024510206,20,33.33,-1.575
024510215,30,38.46,-1.249
024510224,30,39.13,-1.263
024510247,28,47.83,-0.947
024510252,23,61.9,-1.13
024510275,13,66.67,-0.927
024510316,18,70.59,-0.781
024510323,18,47.06,-1.357
024510336,21,52.94,-1.406
024510351,22,0.0,-2.085
024510352,25,18.18,-1.843
024510375,13,33.33,-1.368
024880041,18,NA,NA
024880059,21,70.59,-0.752
024880070,20,53.33,-1.251
024880098,16,35.71,-1.317
024880118,28,NA,NA
024880155,22,23.53,-1.318
024880176,19,64.29,-1.148
024880190,25,81.82,-0.56
024880194,21,50.0,-1.204
024880195,20,35.29,-1.675
024880207,17,13.33,-1.227
024880210,22,44.44,-1.018
024880234,16,64.29,-0.549
024880245,18,43.75,-1.0
024880258,25,18.18,-2.191
024880267,15,50.0,-1.322
024880269,19,68.75,-0.764
024880299,32,40.74,-1.141
024880303,19,42.86,-1.089
024880339,19,88.89,-0.344
025380004,35,58.62,-1.095
025380051,18,94.12,-0.448
025380065,15,54.55,-1.073
025380091,22,55.0,-0.989
025380107,31,58.62,-1.225
025380133,15,83.33,-0.604
025380149,18,76.47,-0.742
025380151,18,60.0,-1.024
025380152,20,NA,NA
025380158,29,47.83,-1.284
025380162,18,71.43,-0.903
025380175,27,61.54,-1.21
025380202,14,92.31,-0.752
025380217,23,55.0,-0.861
025380251,22,47.06,-0.928
025380256,22,47.06,-1.139
025380277,16,14.29,-1.787
025380298,20,5.26,-2.61
025380340,17,73.33,-0.817
025380347,25,9.52,-1.809
027400077,22,90.48,-0.358
027400094,19,23.53,-1.298
027400125,16,71.43,-0.942
027400126,16,NA,NA
027400145,21,72.22,-0.792
027400146,23,33.33,-1.747
027400151,24,0.0,-1.92
027400171,24,25.0,-1.401
027400173,18,5.88,-1.487
027400176,15,36.36,-1.129
027400201,22,20.0,-1.546
027400238,21,63.16,-1.066
027400246,25,NA,NA
027400276,14,NA,NA
027400283,15,NA,NA
027400286,16,35.71,-1.328
027400289,23,35.0,-1.278
027400295,19,87.5,-0.625
027400321,24,9.09,-1.683
027400372,21,65.0,-0.89
028920012,21,37.5,-1.117
028920027,19,55.56,-1.18
028920044,27,47.83,-1.25
028920050,22,63.16,-1.007
028920120,15,66.67,-0.794
028920122,15,53.85,-1.008
028920128,14,58.33,-0.976
028920131,22,55.0,-1.247
028920174,14,70.0,-0.852
028920200,20,35.29,-1.259
028920207,16,30.0,-1.273
028920213,23,90.0,-0.527
028920214,19,46.15,-0.982
028920224,15,50.0,-1.572
028920235,22,NA,NA
028920239,18,56.25,-0.866
028920242,26,60.87,-1.106
028920259,19,41.18,-1.406
028920315,21,26.67,-1.22
028920321,15,38.46,-1.338
028970002,26,64.0,-1.014
028970016,32,33.33,-1.351
028970022,31,17.86,-1.923
028970039,32,35.71,-1.495
028970052,21,5.0,-2.342
028970057,34,40.0,-1.556
028970088,12,27.27,-1.152
028970129,16,NA,NA
028970146,19,12.5,-1.818
028970153,21,37.5,-1.29
028970158,20,44.44,-0.93
028970190,17,60.0,-0.938
028970198,20,22.22,-1.782
028970221,17,NA,NA
028970245,22,47.37,-0.926
028970251,20,76.47,-0.942
028970273,15,90.91,-0.558
028970279,13,83.33,-1.101
028970294,19,64.71,-0.586
028970329,24,57.14,-1.325
029170012,28,40.91,-0.728
029170043,25,40.0,-1.364
029170055,37,11.76,-2.069
029170086,13,100.0,-0.207
029170104,20,55.56,-1.042
029170149,18,66.67,-0.714
029170156,16,64.29,-1.109
029170161,27,57.69,-1.639
029170177,29,40.91,-1.32
029170181,17,73.33,-0.695
029170196,13,8.33,-1.422
029170197,22,61.11,-1.184
029170211,25,NA,NA
029170226,19,72.22,-0.768
029170231,24,47.37,-1.121
029170252,15,33.33,-1.695
029170309,34,33.33,-1.367
029170321,21,5.26,-2.221
029170359,31,67.86,-1.025
029170362,22,77.78,-1.065
029370015,13,55.56,-1.151
029370032,23,88.24,-0.724
029370040,29,66.67,-0.883
029370106,33,82.14,-0.348
029370108,41,54.55,-1.16
029370123,14,100.0,-0.341
029370126,20,50.0,-1.095
029370142,20,94.44,-0.647
029370153,12,50.0,-0.756
029370185,13,66.67,-0.956
029370193,11,10.0,-1.488
029370210,22,41.18,-1.124
029370217,23,31.58,-1.139
029370221,17,58.33,-0.97
029370230,27,52.63,-0.974
029370235,21,43.75,-1.194
029370239,16,57.14,-0.8
029370270,18,26.67,-1.499
029370303,20,78.57,-0.794
029370379,17,46.15,-0.791
030070015,19,NA,NA
030070017,11,10.0,-1.323
030070019,19,40.0,-1.178
030070022,13,27.27,-0.996
030070025,16,15.38,-1.482
030070043,13,50.0,-0.564
030070049,20,60.0,-0.857
030070054,20,68.75,-0.782
030070058,10,50.0,-1.022
030070066,13,36.36,-0.926
030070093,20,12.5,-1.103
030070094,22,41.18,-1.127
030070099,10,100.0,-0.397
030070108,13,20.0,-0.985
030070111,12,60.0,-0.762
030070112,24,47.37,-0.96
030070135,16,45.45,-1.432
030070138,16,93.33,-0.484
030070152,26,52.38,-1.196
030070159,13,77.78,-1.14
030120001,21,40.0,-0.982
030120003,24,50.0,-1.231
030120018,10,0.0,-1.214
030120021,13,28.57,-1.438
030120029,13,66.67,-0.752
030120044,18,68.75,-0.937
030120072,11,33.33,-1.505
030120079,7,66.67,-1.02
030120089,15,15.38,-1.427
030120097,16,NA,NA
030120106,17,71.43,-0.794
030120121,11,100.0,-0.229
030120141,14,50.0,-0.475
030120150,10,50.0,-0.893
030120154,10,14.29,-1.079
030120155,13,77.78,-0.56
030120157,14,25.0,-1.122
030120163,12,88.89,-0.718
030120165,12,36.36,-1.45
030120173,12,77.78,-0.5
030140009,11,100.0,-0.194
030140010,21,82.35,-0.724
030140017,15,66.67,-1.112
030140025,20,56.25,-0.955
030140043,10,50.0,-0.995
030140053,16,69.23,-0.814
030140075,15,85.71,-0.549
030140086,15,58.33,-0.814
030140089,11,NA,NA
030140092,11,50.0,-1.209
030140095,13,50.0,-1.013
030140099,12,54.55,-0.975
030140126,25,70.0,-0.928
030140128,16,100.0,-0.323
030140129,6,NA,NA
030140132,20,50.0,-1.043
030140134,17,93.33,-0.329
030140144,11,50.0,-0.731
030140147,11,70.0,-0.7
030140173,10,NA,NA
030270013,15,50.0,-1.12
030270014,25,13.04,-1.381
030270026,24,23.81,-1.365
030270033,25,52.17,-1.06
030270049,22,23.81,-1.444
030270053,17,75.0,-0.744
030270054,17,28.57,-1.267
030270073,18,0.0,-5.15
030270075,11,12.5,-1.206
030270083,14,NA,NA
030270093,15,38.46,-0.922
030270116,16,0.0,-1.996
030270121,22,90.0,-0.461
030270140,15,75.0,-0.621
030270141,22,90.48,-0.534
030270147,11,20.0,-1.263
030270151,12,20.0,-1.57
030270161,13,91.67,-0.157
030270168,11,NA,NA
030270175,21,66.67,-0.755
030600004,18,60.0,-0.797
030600011,17,100.0,-0.263
030600020,10,42.86,-1.267
030600023,18,85.71,-0.878
030600039,14,NA,NA
030600041,15,60.0,-1.106
030600042,10,50.0,-1.108
030600052,21,42.86,-1.229
030600054,17,38.46,-1.015
030600055,11,71.43,-0.817
030600070,16,21.43,-1.185
030600085,16,64.29,-0.812
030600099,13,30.0,-1.347
030600104,13,0.0,-1.902
030600140,14,58.33,-0.823
030600147,12,12.5,-0.696
030600154,11,33.33,-1.351
030600156,16,6.67,-3.922
030600160,11,25.0,-1.616
030600168,26,25.0,-1.654
030750012,18,44.44,-1.125
030750030,20,43.75,-1.084
030750034,20,37.5,-1.059
030750042,14,45.45,-0.939
030750057,18,81.25,-0.774
030750058,13,22.22,-1.577
030750061,12,NA,NA
030750074,15,30.77,-1.346
030750076,16,7.69,-1.48
030750078,18,46.15,-1.022
030750088,10,66.67,-0.655
030750093,16,93.33,-0.039
030750098,16,42.86,-1.197
030750108,11,100.0,-0.447
030750119,9,75.0,-0.732
030750128,16,35.71,-0.99
030750146,13,18.18,-1.266
030750155,13,77.78,-0.782
030750165,6,0.0,-1.183
030750170,12,40.0,-1.394
032140001,13,50.0,-0.815
032140007,21,20.0,-1.38
032140013,9,87.5,-0.701
032140017,15,30.77,-1.429
032140025,21,38.89,-1.498
032140054,8,NA,NA
032140060,19,50.0,-0.91
032140069,12,33.33,-1.156
032140073,10,33.33,-0.962
032140078,14,58.33,-1.048
032140082,26,47.62,-1.313
032140087,9,33.33,-1.303
032140094,9,87.5,-0.839
032140110,14,NA,NA
032140117,14,25.0,-1.226
032140121,26,43.48,-1.37
032140135,14,81.82,-0.872
032140150,9,0.0,-1.616
032140164,9,28.57,-0.895
032140169,10,NA,NA
034120002,12,30.0,-1.313
034120012,8,83.33,-1.252
034120027,18,64.71,-0.793
034120035,18,30.77,-0.884
034120047,10,0.0,-1.35
034120050,10,55.56,-0.76
034120052,16,NA,NA
034120067,14,30.77,-1.216
034120077,16,8.33,-1.266
034120085,14,58.33,-0.932
034120101,11,0.0,-1.219
034120111,11,0.0,-1.787
034120125,14,91.67,-0.356
034120155,11,10.0,-1.127
034120161,13,81.82,-0.637
034120162,13,45.45,-0.635
034120165,13,30.0,-1.167
034120170,15,38.46,-0.774
034120173,17,46.67,-1.051
034120174,13,54.55,-0.859
036310007,15,7.14,-1.578
036310021,12,70.0,-0.8
036310035,16,20.0,-1.157
036310036,16,16.67,-1.273
036310041,17,68.75,-1.005
036310047,18,64.29,-0.874
036310062,22,14.29,-1.502
036310063,13,20.0,-1.285
036310080,13,66.67,-0.758
036310097,21,62.5,-1.165
036310098,19,35.71,-1.39
036310100,15,14.29,-1.775
036310110,17,26.67,-1.241
036310116,20,64.71,-0.848
036310120,13,55.56,-1.056
036310134,16,42.86,-1.157
036310148,25,31.82,-1.359
036310159,19,52.94,-0.808
036310170,12,45.45,-0.779
036310171,15,23.08,-1.255
050150021,19,18.75,-1.62
050150024,24,70.0,-0.857
050150028,10,33.33,-0.797
050150041,30,3.45,-2.947
050150069,13,90.91,-0.593
050150070,19,12.5,-1.864
050150091,17,18.75,-2.15
050150093,26,50.0,-1.205
050150108,20,38.89,-1.332
050150116,28,33.33,-1.414
050150125,19,47.06,-0.758
050150129,14,58.33,-0.83
050150142,13,40.0,-0.854
050150145,16,92.86,-0.753
050150159,13,8.33,-1.421
050150163,11,NA,NA
050150165,14,0.0,-2.997
050150170,21,47.37,-0.921
050150173,23,38.1,-1.531
050150175,10,75.0,-1.001
050170001,15,81.82,-0.899
050170002,26,20.83,-1.317
050170005,18,82.35,-0.54
050170051,15,NA,NA
050170092,12,NA,NA
050170099,18,35.71,-1.046
050170100,8,57.14,-1.029
050170101,21,52.63,-0.777
050170102,22,26.32,-1.19
050170113,19,94.12,-0.686
050170117,17,100.0,-0.222
050170123,10,NA,NA
050170129,11,70.0,-0.581
050170131,33,78.57,-0.948
050170132,31,55.56,-1.291
050170136,13,9.09,-1.363
050170145,20,31.58,-1.28
050170151,19,17.65,-1.792
050170154,20,56.25,-0.949
050170165,24,14.29,-1.38
050290009,22,68.42,-0.519
050290028,28,100.0,-0.055
050290038,22,36.84,-1.088
050290042,16,30.77,-0.858
050290060,24,50.0,-0.835
050290062,20,NA,NA
050290068,19,92.86,-0.619
050290079,14,100.0,-0.506
050290087,31,25.0,-1.075
050290120,20,31.25,-0.934
050290126,19,57.14,-0.78
050290129,17,21.43,-1.325
050290132,22,55.0,-0.981
050290136,18,94.12,-0.379
050290145,25,NA,NA
050290149,11,66.67,-0.743
050290156,9,0.0,-1.65
050290162,10,NA,NA
050290167,22,33.33,-1.274
050290174,9,NA,NA
050390001,30,32.14,-1.443
050390011,20,37.5,-1.154
050390020,13,NA,NA
050390021,13,91.67,-0.307
050390038,23,28.57,-1.489
050390040,21,11.76,-2.044
050390048,22,31.58,-1.307
050390049,18,0.0,-2.668
050390057,18,5.88,-1.743
050390059,20,53.85,-1.297
050390081,11,11.11,-3.621
050390084,10,0.0,-1.831
050390087,20,5.56,-2.186
050390090,18,73.33,-0.781
050390092,11,80.0,-0.842
050390097,13,20.0,-1.344
050390114,11,NA,NA
050390129,17,7.69,-1.644
050390130,13,72.73,-0.957
050390175,18,NA,NA
050720001,14,80.0,-0.78
050720003,15,36.36,-1.088
050720006,25,30.43,-1.19
050720017,17,0.0,-2.824
050720025,9,NA,NA
050720040,14,76.92,-0.825
050720045,23,52.63,-1.062
050720063,22,50.0,-1.109
050720072,20,47.06,-0.797
050720076,29,69.23,-1.094
050720078,25,75.0,-0.738
050720079,25,54.55,-0.941
050720102,17,0.0,-2.669
050720124,31,34.48,-1.533
050720126,13,41.67,-0.822
050720136,11,10.0,-1.803
050720138,17,0.0,-2.071
050720150,17,14.29,-1.665
050720158,24,45.45,-1.164
050720175,24,63.16,-1.146
052200004,22,68.42,-0.731
052200008,15,50.0,-1.55
052200020,19,50.0,-1.098
052200044,22,61.54,-1.013
052200050,27,39.13,-1.307
052200064,9,12.5,-1.33
052200066,14,50.0,-0.714
052200076,13,63.64,-0.817
052200089,10,NA,NA
052200092,14,38.46,-0.954
052200094,12,90.91,-0.222
052200095,15,50.0,-1.272
052200101,13,36.36,-1.429
052200110,18,58.82,-0.991
052200142,24,45.0,-0.873
052200150,21,57.89,-1.151
052200152,21,47.37,-0.887
052200155,23,72.22,-0.862
052200162,17,57.14,-0.841
052200168,21,36.84,-1.366
054060017,14,27.27,-1.45
054060036,31,29.63,-1.419
054060044,20,42.11,-1.322
054060049,12,66.67,-1.307
054060064,23,47.06,-1.162
054060076,26,47.62,-1.159
054060077,12,NA,NA
054060091,14,7.69,-1.747
054060099,29,27.27,-1.404
054060104,15,21.43,-1.542
054060113,10,NA,NA
054060116,13,9.09,-1.449
054060119,10,88.89,-0.472
054060126,22,52.63,-1.035
054060139,26,47.83,-1.34
054060147,29,69.23,-0.868
054060149,28,28.0,-1.618
054060153,13,81.82,-0.883
054060172,13,0.0,-2.111
054060173,24,45.0,-1.286
054280012,17,81.25,-0.394
054280018,10,NA,NA
054280021,8,0.0,-1.48
054280023,20,38.89,-1.363
054280024,18,68.75,-0.547
054280030,14,20.0,-0.707
054280040,26,21.05,-1.589
054280042,18,26.67,-1.319
054280049,14,50.0,-0.656
054280053,12,36.36,-0.786
054280057,24,43.75,-0.795
054280062,31,36.0,-1.119
054280078,21,35.29,-0.835
054280109,18,50.0,-0.949
054280118,23,23.81,-1.677
054280125,9,37.5,-1.105
054280128,15,69.23,-0.461
054280146,9,100.0,-0.277
054280148,17,92.86,-0.346
054280175,12,NA,NA
054320015,11,50.0,-0.851
054320019,12,50.0,-0.936
054320020,18,76.47,-0.718
054320024,32,78.57,-0.696
054320037,18,50.0,-0.959
054320041,22,35.71,-0.956
054320058,24,40.0,-1.352
054320061,19,23.08,-1.545
054320067,12,66.67,-0.929
054320073,10,28.57,-1.049
054320076,16,57.14,-0.754
054320080,23,NA,NA
054320092,15,60.0,-0.886
054320099,32,50.0,-1.043
054320100,24,57.89,-0.92
054320118,30,45.45,-1.036
054320129,28,56.0,-1.152
054320136,19,60.0,-0.963
054320140,20,50.0,-0.891
054320149,30,59.09,-0.922
055470005,17,87.5,-0.487
055470009,10,37.5,-0.758
055470040,27,57.14,-0.881
055470046,21,62.5,-0.905
055470047,21,70.0,-0.732
055470080,26,58.33,-0.966
055470082,21,52.63,-1.193
055470088,18,41.18,-0.989
055470104,23,55.56,-1.046
055470105,15,50.0,-1.375
055470120,18,7.69,-2.152
055470122,18,41.67,-1.197
055470126,19,13.33,-1.398
055470129,14,40.0,-0.917
055470131,12,NA,NA
055470141,19,17.65,-1.431
055470152,17,42.86,-0.961
055470170,14,23.08,-1.367
055470172,14,30.0,-1.148
055470175,14,66.67,-0.741
060670002,26,45.83,-1.042
060670003,24,42.11,-1.179
060670017,29,44.44,-1.171
060670029,18,53.33,-1.127
060670035,27,57.69,-1.202
060670036,16,35.71,-1.292
060670038,23,42.86,-1.3
060670041,15,28.57,-1.508
060670044,27,50.0,-1.314
060670049,19,58.82,-1.12
060670060,24,45.45,-1.312
060670062,15,NA,NA
060670072,20,21.05,-1.93
060670075,22,NA,NA
060670080,28,40.91,-1.513
060670094,29,37.04,-1.656
060670111,20,83.33,-1.11
060670140,17,66.67,-0.645
060670144,23,44.44,-1.196
060670149,10,50.0,-0.652
060990011,12,44.44,-1.395
060990014,15,72.73,-0.823
060990023,14,36.36,-1.236
060990029,27,41.67,-1.195
060990030,18,52.94,-1.096
060990034,22,22.22,-1.448
060990035,15,66.67,-0.621
060990039,14,33.33,-1.319
060990059,29,47.62,-1.379
060990078,22,64.71,-0.538
060990083,19,18.75,-1.704
060990089,15,25.0,-0.615
060990093,16,76.92,-0.904
060990117,22,100.0,-0.247
060990121,21,66.67,-1.113
060990124,16,30.77,-1.254
060990129,21,27.78,-1.195
060990155,17,46.15,-0.798
060990168,19,53.33,-0.957
060990175,23,68.42,-0.556
069020006,18,45.45,-1.195
069020020,18,28.57,-0.971
069020024,17,44.44,-0.942
069020037,14,20.0,-1.354
069020044,26,45.0,-0.99
069020048,13,54.55,-0.813
069020059,18,NA,NA
069020065,21,NA,NA
069020075,16,NA,NA
069020090,28,58.33,-0.827
069020091,19,28.57,-1.0
069020096,27,45.0,-0.787
069020103,20,53.85,-0.778
069020114,22,50.0,-0.776
069020123,10,66.67,-0.745
069020143,16,85.71,-0.572
069020155,17,57.14,-0.537
069020163,15,57.14,-0.996
069020168,16,50.0,-1.02
069020175,13,NA,NA
080630011,19,76.47,-0.801
080630014,17,30.77,-1.194
080630019,14,54.55,-1.353
080630030,15,30.77,-1.698
080630038,19,58.82,-1.228
080630044,17,80.0,-0.482
080630053,28,88.46,-0.119
080630062,20,72.22,-1.129
080630086,25,23.81,-2.103
080630090,33,25.0,-1.715
080630091,22,52.63,-0.982
080630093,17,60.0,-0.922
080630094,19,77.78,-0.547
080630123,14,NA,NA
080630125,22,11.11,-1.997
080630140,16,26.67,-1.716
080630147,24,85.71,-0.91
080630152,17,28.57,-1.273
080630155,20,47.06,-0.928
080630170,22,78.95,-0.964
080680011,19,88.89,-0.182
080680020,14,15.38,-1.269
080680029,27,57.89,-1.045
080680031,27,0.0,-2.94
080680056,19,44.44,-1.05
080680060,19,33.33,-1.454
080680066,21,NA,NA
080680069,28,7.69,-3.157
080680084,18,46.15,-1.095
080680090,15,100.0,-0.246
080680095,25,NA,NA
080680106,16,57.14,-1.297
080680108,30,58.62,-1.266
080680129,27,91.3,-0.804
080680133,29,29.63,-1.286
080680151,19,61.11,-0.941
080680153,24,NA,NA
080680170,26,86.96,-0.381
080680173,15,30.77,-0.828
080680174,11,66.67,-1.106
081530002,16,38.46,-0.875
081530014,34,43.75,-1.134
081530016,19,77.78,-0.802
081530018,14,58.33,-0.887
081530023,23,38.89,-1.201
081530038,29,43.48,-1.286
081530065,20,26.32,-1.536
081530073,26,8.0,-2.485
081530085,18,28.57,-0.751
081530088,17,53.85,-1.38
081530096,20,53.33,-0.758
081530100,28,70.83,-0.979
081530107,20,78.95,-0.971
081530109,25,42.11,-1.356
081530125,13,50.0,-0.929
081530139,15,NA,NA
081530146,19,11.76,-2.586
081530165,16,NA,NA
081530167,28,36.36,-1.281
081530170,21,57.14,-1.147
085810002,20,68.42,-0.761
085810012,15,NA,NA
085810018,22,42.11,-1.208
085810038,31,61.54,-0.965
085810040,27,60.87,-0.836
085810043,18,75.0,-0.794
085810048,24,38.1,-1.543
085810056,13,66.67,-0.741
085810078,24,57.89,-1.168
085810084,21,NA,NA
085810086,12,NA,NA
085810112,31,26.92,-1.286
085810116,25,52.94,-1.199
085810119,24,57.89,-0.83
085810120,25,59.09,-0.959
085810121,23,30.0,-0.98
085810152,17,93.75,-0.007
085810159,24,13.04,-1.335
085810163,16,42.86,-1.052
085810167,21,50.0,-0.854
085840013,24,54.55,-1.171
085840020,28,42.31,-1.283
085840022,17,57.14,-0.735
085840036,19,52.94,-0.97
085840040,13,58.33,-1.141
085840059,27,95.83,-0.444
085840072,22,61.11,-0.642
085840075,24,76.19,-0.737
085840077,18,53.33,-1.235
085840086,17,53.33,-0.671
085840089,21,13.33,-1.341
085840092,16,42.86,-1.08
085840099,18,75.0,-1.266
085840115,25,NA,NA
085840117,12,9.09,-1.6
085840123,31,27.59,-1.291
085840141,18,35.29,-1.758
085840147,22,61.11,-1.084
085840157,27,21.74,-1.319
085840167,35,30.77,-1.523
090880018,15,NA,NA
090880060,14,NA,NA
090880064,21,42.11,-1.017
090880065,27,8.0,-2.755
090880086,19,83.33,-0.618
090880090,30,64.29,-1.097
090880093,20,40.0,-1.301
090880095,46,39.47,-1.587
090880100,26,50.0,-1.349
090880120,23,73.68,-1.075
090880126,16,NA,NA
090880130,21,64.29,-1.149
090880132,14,0.0,-1.843
090880140,18,43.75,-1.349
090880142,32,60.71,-1.095
090880145,16,33.33,-1.239
090880147,16,0.0,-2.368
090880154,19,NA,NA
090880157,30,66.67,-1.149
090880163,27,NA,NA
091010017,23,14.29,-1.963
091010032,21,18.75,-1.235
091010049,23,19.05,-2.128
091010050,28,11.54,-1.799
091010055,16,78.57,-0.627
091010063,21,0.0,-1.625
091010070,14,58.33,-1.127
091010072,20,25.0,-1.379
091010082,10,25.0,-1.258
091010100,27,54.55,-1.175
091010107,26,28.0,-1.665
091010109,31,48.15,-1.055
091010123,19,23.53,-1.888
091010127,23,31.82,-1.314
091010133,16,20.0,-1.726
091010138,25,39.13,-1.307
091010139,18,56.25,-0.979
091010142,16,6.67,-1.798
091010149,25,45.45,-1.089
091010151,23,NA,NA
091070001,17,57.14,-0.783
091070033,18,5.88,-1.799
091070038,27,29.17,-1.222
091070040,31,53.57,-1.22
091070049,18,NA,NA
091070056,21,31.58,-1.403
091070061,18,75.0,-0.726
091070065,20,15.79,-1.327
091070074,31,39.29,-1.163
091070089,21,15.79,-1.264
091070108,29,0.0,-5.377
091070135,15,7.14,-1.553
091070138,14,92.31,-0.624
091070140,28,43.48,-1.215
091070142,36,18.75,-1.537
091070143,17,26.67,-1.505
091070162,23,33.33,-1.12
091070163,16,NA,NA
091070174,28,58.33,-1.208
091070175,17,12.5,-1.846
091180015,23,42.86,-1.181
091180025,23,NA,NA
091180035,26,24.0,-1.687
091180042,21,55.56,-1.207
091180044,28,36.84,-1.569
091180050,20,41.18,-1.247
091180056,26,59.09,-1.306
091180064,12,80.0,-0.852
091180075,27,76.0,-0.813
091180078,29,88.46,-0.637
091180088,28,65.38,-1.025
091180091,30,48.0,-0.695
091180101,18,NA,NA
091180110,15,0.0,-1.963
091180133,24,47.83,-1.033
091180151,16,6.67,-1.875
091180157,24,27.27,-1.574
091180159,19,27.78,-1.403
091180161,27,54.55,-1.385
091180163,25,43.48,-1.24
095530005,23,31.58,-1.492
095530010,17,13.33,-1.837
095530011,14,41.67,-1.431
095530016,13,36.36,-1.056
095530028,30,0.0,-3.034
095530041,22,50.0,-1.007
095530049,26,37.5,-1.311
095530059,15,0.0,-2.81
095530066,31,25.0,-1.542
095530082,30,50.0,-1.134
095530083,16,38.46,-1.118
095530085,21,62.5,-1.278
095530116,24,33.33,-1.406
095530118,18,31.25,-1.133
095530129,27,61.54,-0.995
095530144,22,23.81,-1.52
095530152,15,NA,NA
095530154,17,NA,NA
095530161,20,31.58,-1.651
095530173,17,81.25,-0.527
095550027,20,68.42,-0.903
095550043,17,75.0,-0.746
095550044,22,35.0,-1.485
095550046,19,75.0,-0.646
095550051,22,50.0,-1.048
095550053,27,56.52,-0.894
095550073,24,54.55,-0.984
095550075,22,19.05,-1.699
095550081,11,87.5,-0.568
095550082,23,NA,NA
095550092,27,60.87,-1.031
095550100,27,56.52,-1.39
095550107,13,91.67,-0.589
095550116,22,73.68,-0.833
095550126,16,20.0,-1.686
095550134,16,50.0,-1.108
095550143,24,22.73,-1.251
095550146,18,NA,NA
095550148,15,NA,NA
095550173,28,3.85,-2.455
095580008,24,89.47,-0.316
095580012,28,41.67,-1.424
095580016,24,42.86,-1.189
095580039,23,63.16,-1.35
095580045,32,67.86,-0.856
095580056,19,52.94,-0.852
095580067,18,46.67,-0.932
095580071,37,53.57,-1.041
095580078,17,30.0,-1.13
095580088,33,34.62,-1.413
095580097,24,82.35,-1.082
095580099,18,46.15,-1.32
095580101,32,29.63,-1.63
095580102,21,27.78,-1.502
095580116,21,70.0,-0.713
095580128,17,60.0,-0.833
095580133,25,63.16,-1.161
095580157,23,14.29,-1.383
095580166,31,13.79,-1.96
095580173,17,86.67,-0.736
096010001,20,58.33,-0.951
096010002,26,52.94,-1.268
096010004,23,46.15,-1.096
096010005,20,28.57,-1.328
096010006,22,41.18,-1.197
096010007,15,81.82,-1.046
096010008,24,46.15,-1.129
096010009,31,31.58,-1.242
096010010,28,58.82,-0.957
096010011,23,58.33,-1.25
096010012,28,50.0,-1.142
096010013,26,35.71,-0.835
096010015,22,38.46,-1.014
096010016,23,62.5,-1.385
096010018,17,42.86,-1.448
096010019,26,56.25,-1.192
096010020,31,72.73,-1.041
096010021,22,50.0,-1.358
096010022,19,37.5,-1.037
096010023,22,35.71,-1.322
096080003,23,66.67,-1.487
096080005,24,60.0,-1.117
096080006,31,40.0,-0.94
096080007,28,50.0,-1.469
096080008,20,60.0,-1.248
096080009,19,53.85,-0.969
096080010,16,57.14,-0.956
096080012,22,30.0,-1.256
096080013,27,46.15,-1.273
096080014,19,20.0,-0.991
096080015,21,33.33,-1.354
096080017,20,33.33,-1.236
096080018,28,80.0,-1.664
096080021,29,53.33,-1.15
096080022,28,60.0,-1.283
096080023,27,50.0,-1.042
096080024,32,60.0,-0.921
096080025,20,15.38,-1.174
096080026,24,50.0,-1.179
096080027,30,42.86,-1.273
096100001,27,41.18,-1.212
096100002,22,47.06,-0.897
096100003,29,65.22,-0.899
096100004,21,62.5,-0.965
096100005,19,56.25,-0.81
096100006,20,31.25,-1.276
096100007,24,28.57,-1.296
096100008,17,42.86,-1.369
096100009,11,88.89,-0.146
096100010,32,32.0,-1.247
096100011,22,42.86,-1.27
096100012,29,47.62,-1.236
096100013,12,14.29,-1.17
096100014,13,54.55,-0.853
096100015,21,29.41,-1.409
096100016,29,40.0,-1.392
096100017,19,73.33,-0.602
096100018,25,57.89,-1.059
096100019,19,50.0,-0.865
096100020,12,14.29,-1.351
096120001,17,23.08,-1.351
096120002,18,33.33,-0.997
096120003,29,42.11,-0.702
096120004,26,63.16,-0.838
096120005,23,53.33,-1.386
096120006,23,35.71,-1.347
096120007,20,70.59,-0.796
096120008,13,55.56,-0.806
096120009,30,65.22,-0.996
096120010,12,42.86,-1.182
096120011,28,60.87,-0.718
096120012,32,50.0,-1.003
096120013,24,55.0,-0.835
096120014,17,38.46,-1.158
096120015,23,29.41,-1.365
096120016,14,63.64,-0.822
096120017,13,77.78,-0.754
096120018,24,50.0,-1.005
096120019,21,50.0,-1.285
096120020,15,37.5,-0.838
096170001,17,60.0,-0.839
096170002,21,33.33,-1.124
096170003,15,90.91,-0.661
096170004,20,33.33,-1.716
096170006,32,64.0,-1.129
096170007,21,33.33,-1.183
096170008,24,58.82,-0.995
096170009,15,40.0,-1.015
096170010,20,41.67,-0.949
096170011,31,58.33,-0.76
096170012,22,40.0,-1.273
096170013,25,57.14,-1.046
096170014,19,60.0,-0.865
096170015,16,62.5,-0.676
096170018,28,50.0,-0.758
096170020,27,44.44,-1.238
096170021,23,37.5,-1.019
096170022,27,57.14,-0.96
096170023,22,46.15,-0.927
096170024,16,40.0,-1.194
096180001,29,53.33,-1.043
096180002,16,50.0,-1.018
096180004,22,46.15,-1.006
096180005,17,56.25,-0.839
096180007,25,70.59,-0.958
096180008,22,61.11,-1.293
096180009,18,25.0,-1.343
096180010,17,6.67,-1.787
096180011,14,50.0,-1.162
096180012,23,56.25,-0.956
096180013,23,47.06,-1.223
096180014,22,37.5,-1.16
096180015,22,42.11,-1.303
096180016,27,44.44,-1.389
096180017,27,52.63,-1.293
096180018,29,23.81,-1.382
096180019,30,47.37,-0.887
096180020,21,44.44,-0.843
096180021,23,73.68,-0.727
096180022,29,35.0,-1.235
096220001,25,46.15,-1.019
096220002,13,11.11,-1.411
096220003,14,66.67,-1.41
096220004,29,47.06,-0.771
096220005,25,46.67,-0.877
096220006,21,62.5,-0.999
096220007,17,20.0,-1.158
096220008,31,45.45,-0.937
096220009,13,10.0,-1.052
096220010,23,44.44,-0.859
096220011,21,55.56,-1.004
096220012,20,64.29,-1.307
096220013,24,52.94,-0.853
096220014,26,38.1,-0.959
096220015,27,47.62,-1.043
096220016,28,50.0,-1.108
096220017,16,50.0,-0.846
096220018,28,57.89,-0.735
096220019,12,66.67,-0.706
096220020,17,46.15,-1.051
096230001,30,68.0,-0.793
096230002,15,18.18,-1.32
096230004,14,40.0,-1.232
096230005,21,38.46,-1.052
096230006,18,50.0,-1.082
096230007,16,54.55,-1.13
096230008,11,66.67,-0.771
096230009,18,61.54,-1.375
096230010,15,50.0,-0.971
096230011,20,50.0,-0.967
096230012,22,30.77,-1.224
096230013,21,61.54,-1.4
096230014,27,33.33,-1.164
096230015,17,50.0,-0.967
096230016,26,85.0,-1.119
096230017,29,56.25,-1.057
096230018,29,68.18,-0.896
096230019,11,57.14,-0.796
096230020,28,40.0,-1.298
096230021,21,43.75,-1.013
096260002,13,88.89,-0.767
096260003,18,50.0,-1.145
096260004,20,66.67,-1.057
096260005,18,41.67,-1.339
096260006,25,33.33,-1.196
096260007,24,50.0,-1.222
096260008,26,21.43,-1.153
096260009,26,76.92,-1.426
096260011,20,53.33,-1.389
096260012,20,100.0,-0.665
096260013,12,50.0,-1.236
096260014,11,60.0,-1.026
096260015,21,75.0,-0.833
096260016,23,68.75,-0.894
096260017,23,64.71,-1.007
096260018,14,22.22,-1.556
096260019,22,45.45,-1.273
096260020,14,16.67,-1.399
096260021,18,28.57,-0.563
096260022,19,85.71,-0.586
096290001,18,20.0,-1.537
096290002,13,72.73,-0.777
096290004,14,33.33,-0.973
096290005,15,40.0,-1.259
096290006,19,30.77,-1.389
096290007,23,68.75,-0.983
096290008,20,47.06,-1.483
096290009,22,53.85,-1.547
096290010,14,44.44,-1.366
096290011,12,27.27,-1.402
096290012,22,33.33,-1.664
096290014,24,52.94,-1.125
096290015,17,57.14,-1.178
096290016,13,60.0,-1.287
096290017,17,69.23,-1.026
096290018,22,56.25,-1.442
096290020,27,63.16,-1.247
096290021,21,29.41,-1.448
096290022,26,27.27,-1.706
096290023,14,60.0,-0.71
096310001,18,50.0,-1.27
096310002,23,58.33,-1.306
096310003,23,57.14,-1.265
096310004,18,55.56,-0.955
096310005,18,38.46,-1.485
096310006,13,80.0,-0.434
096310007,12,75.0,-1.145
096310008,22,40.0,-1.317
096310009,18,57.14,-0.957
096310010,17,44.44,-1.929
096310011,27,54.55,-1.318
096310012,21,52.94,-1.955
096310013,21,42.86,-1.255
096310014,18,37.5,-1.346
096310015,19,57.14,-1.235
096310016,23,60.0,-1.339
096310017,17,54.55,-0.937
096310018,22,50.0,-1.006
096310019,24,55.0,-1.284
096310020,19,46.15,-0.734
096330003,20,66.67,-1.053
096330005,16,22.22,-1.126
096330006,19,0.0,-7.097
096330007,15,50.0,-1.127
096330008,15,27.27,-1.247
096330009,15,14.29,-2.084
096330010,17,53.85,-1.435
096330011,18,21.43,-1.272
096330012,18,33.33,-1.156
096330013,20,37.5,-1.679
096330014,14,45.45,-1.085
096330015,23,21.05,-1.521
096330016,19,38.46,-1.477
096330017,21,68.75,-1.107
096330018,23,78.95,-0.893
096330019,22,64.71,-1.055
096330020,21,71.43,-0.849
096330021,27,47.06,-1.151
096330022,25,66.67,-1.152
096330023,27,61.54,-0.971
096350006,20,46.15,-0.907
096350007,21,75.0,-0.748
096350008,21,46.15,-1.478
096350009,22,25.0,-1.27
096350010,20,40.0,-1.322
096350011,22,50.0,-1.18
096350012,25,58.82,-0.988
096350013,26,38.89,-1.314
096350014,15,50.0,-0.933
096350015,18,46.15,-1.243
096350016,22,31.25,-1.496
096350018,16,72.73,-1.345
096350019,16,61.54,-1.133
096350020,16,35.71,-1.271
096350021,23,75.0,-0.611
096350023,18,40.0,-1.523
096350024,24,36.84,-1.495
096350025,20,43.75,-1.388
096350026,15,38.46,-1.351
096350027,16,27.27,-1.343
096400001,39,52.63,-1.121
096400002,23,53.33,-1.366
096400004,22,23.08,-1.326
096400006,23,42.11,-1.087
096400007,26,50.0,-0.984
096400008,32,58.82,-1.342
096400010,19,44.44,-1.2
096400012,18,80.0,-0.987
096400013,20,28.57,-0.831
096400014,15,90.0,-0.901
096400016,25,47.37,-1.053
096400018,18,33.33,-1.561
096400019,17,16.67,-1.127
096400020,21,71.43,-1.21
096400021,22,60.0,-0.853
096400022,15,33.33,-1.082
096400024,26,50.0,-1.231
096400025,28,28.57,-1.162
096400026,21,46.67,-1.157
096400028,22,55.56,-1.088
096470002,30,41.67,-0.855
096470003,23,88.89,-1.53
096470004,23,33.33,-0.698
096470005,26,50.0,-1.237
096470007,16,62.5,-1.737
096470008,16,7.69,-1.538
096470010,19,50.0,-0.995
096470011,17,44.44,-1.195
096470012,30,44.44,-0.825
096470013,15,40.0,-0.82
096470014,20,66.67,-0.775
096470015,21,50.0,-1.082
096470016,20,66.67,-0.667
096470017,28,90.0,-0.933
096470018,18,53.33,-0.99
096470019,20,50.0,-0.885
096470020,18,63.64,-1.003
096470021,19,25.0,-0.785
096470022,26,57.14,-0.931
096470023,15,33.33,-0.881
